url_path,views_total,views_unique
/SuperDuperDB/superduperdb,1056,466
/SuperDuperDB/superduperdb/blob/main/README_zh.md,307,75
/SuperDuperDB/superduperdb/pulls,253,18
/SuperDuperDB/superduperdb/issues,169,39
/SuperDuperDB/superduperdb/tree/main/superduperdb,107,27
/SuperDuperDB/superduperdb/tree/main/docs,75,21
/SuperDuperDB/superduperdb/commits/main,70,7
/SuperDuperDB/superduperdb/commits/docs/reusable_snippets,54,4
/SuperDuperDB/superduperdb/tree/main/examples,42,15
/SuperDuperDB/superduperdb/tree/main/docs/hr,41,9
